age,ast_per_g,awards,blk_per_g,drb_per_g,efg_pct,fg2_pct,fg2_per_g,fg2a_per_g,fg3_pct,fg3_per_g,fg3a_per_g,fg_pct,fg_per_g,fga_per_g,ft_pct,ft_per_g,fta_per_g,games,games_started,mp_per_g,name_display,orb_per_g,pf_per_g,pos,pts_per_g,stl_per_g,team_name_abbr,tov_per_g,trb_per_g
29,7.9,"MVP-5,DPOY-11,AS,NBA1",0.1,3.3,.453,.451,8.9,19.7,.308,1.4,4.5,.424,10.3,24.2,.835,8.7,10.5,75,75,42.3,Allen Iverson,0.7,1.9,PG,30.7,2.4,PHI,4.6,4.0
26,6.0,"AS,NBA3",0.8,4.5,.482,.472,6.7,14.2,.339,2.0,5.9,.433,8.7,20.1,.816,8.2,10.1,66,66,40.7,Kobe Bryant,1.4,2.6,SG,27.6,1.3,LAL,4.1,5.9
20,7.2,"MVP-6,AS,NBA2",0.7,6.0,.504,.499,8.6,17.2,.351,1.4,3.9,.472,9.9,21.1,.750,6.0,8.0,80,80,42.4,LeBron James,1.4,1.8,SF,27.2,2.2,CLE,3.3,7.4
26,3.1,"MVP-3,AS,NBA1",1.5,8.5,.490,.470,7.3,15.6,.399,1.2,2.9,.459,8.5,18.5,.869,7.9,9.1,78,78,38.7,Dirk Nowitzki,1.2,2.8,PF,26.1,1.2,DAL,2.3,9.7
22,1.6,"MVP-9,AS,NBA2",1.6,6.2,.560,.564,9.3,16.5,.188,0.0,0.2,.559,9.3,16.7,.733,7.3,9.9,80,80,36.1,Amar'e Stoudemire,2.7,3.5,C,26.0,1.0,PHO,2.4,8.9
25,5.7,"MVP-7,AS,NBA3",0.7,5.3,.473,.468,7.3,15.7,.326,1.8,5.6,.431,9.2,21.3,.774,5.5,7.1,78,78,40.8,Tracy McGrady,0.9,2.1,SF,25.7,1.7,HOU,2.6,6.2
23,5.1,"MVP-12,AS,NBA3",0.3,3.7,.498,.469,5.6,12.0,.365,2.6,7.0,.431,8.2,19.0,.814,6.5,8.0,80,80,40.9,Gilbert Arenas,1.0,3.1,PG,25.5,1.7,WAS,3.0,4.7
28,4.2,"MVP-13,AS",0.6,3.8,.493,.463,7.4,15.9,.406,1.6,4.1,.452,9.0,20.0,.798,4.8,6.0,77,76,36.7,Vince Carter,1.4,3.2,SF,24.5,1.4,2TM,2.2,5.2
26,1.9,AS,2.0,6.9,.453,.454,8.8,19.3,.167,0.0,0.1,.452,8.8,19.4,.754,6.7,8.9,44,41,34.8,Jermaine O'Neal,1.9,3.9,PF,24.3,0.6,IND,3.0,8.8
23,6.8,"MVP-8,DPOY-21,AS,NBA2",1.1,3.7,.483,.485,8.0,16.5,.289,0.2,0.6,.478,8.2,17.1,.762,7.5,9.9,77,77,38.6,Dwyane Wade,1.4,3.0,SG,24.1,1.6,MIA,4.2,5.2
29,3.7,"MVP-9,AS,NBA2",0.1,3.4,.498,.459,5.5,12.0,.376,2.7,7.1,.428,8.2,19.2,.883,4.8,5.5,78,78,39.3,Ray Allen,1.0,2.1,SG,23.9,1.1,SEA,2.2,4.4
25,2.3,,0.1,3.2,.477,.463,6.9,15.0,.355,1.4,3.9,.441,8.3,18.9,.854,4.9,5.8,75,75,38.0,Michael Redd,1.0,2.0,SG,23.0,0.8,MIL,1.8,4.2
32,2.7,"MVP-2,DPOY-8,AS,NBA1",2.3,6.9,.601,.601,9.0,15.0,,0.0,0.0,.601,9.0,15.0,.461,4.8,10.5,73,73,34.1,Shaquille O'Neal,3.5,3.6,C,22.9,0.5,MIA,2.8,10.4
28,5.7,"MVP-11,DPOY-9,AS,NBA2",1.4,10.5,.504,.507,8.3,16.3,.240,0.1,0.3,.502,8.3,16.6,.811,5.4,6.7,82,82,38.1,Kevin Garnett,3.0,2.5,PF,22.2,1.5,MIN,2.7,13.5
25,3.4,,0.1,4.9,.457,.457,5.7,12.4,.304,0.8,2.5,.431,6.4,14.9,.857,8.5,10.0,66,60,36.9,Corey Maggette,1.1,2.9,SG,22.2,1.1,LAC,3.0,6.0
26,4.7,DPOY-6,0.3,5.0,.457,.465,6.7,14.4,.282,1.0,3.4,.430,7.7,17.8,.777,5.8,7.4,61,61,38.7,Larry Hughes,1.2,2.8,SG,22.0,2.9,WAS,2.5,6.3
27,8.1,,0.1,2.4,.506,.497,6.0,12.0,.354,1.4,4.0,.462,7.4,16.0,.834,5.6,6.7,82,82,40.0,Stephon Marbury,0.6,2.3,PG,21.7,1.5,NYK,2.8,3.0
24,3.9,,0.4,4.2,.492,.486,6.7,13.9,.338,1.7,5.1,.446,8.5,19.0,.693,3.0,4.3,72,72,37.8,Jason Richardson,1.7,2.2,SG,21.7,1.5,GSW,2.3,5.9
27,4.2,AS,0.5,5.6,.499,.481,5.5,11.4,.370,1.3,3.6,.455,6.8,14.9,.822,6.7,8.1,82,82,36.1,Paul Pierce,1.0,3.1,SF,21.6,1.6,BOS,2.8,6.6
27,7.0,,0.4,4.2,.438,.436,6.7,15.4,.299,0.5,1.6,.423,7.2,17.1,.823,6.4,7.8,78,78,38.2,Steve Francis,1.6,3.5,PG,21.3,1.4,ORL,4.1,5.8
20,2.6,,0.4,3.8,.448,.455,6.5,14.3,.266,0.6,2.1,.431,7.1,16.4,.796,6.1,7.6,75,75,34.8,Carmelo Anthony,1.9,3.1,SF,20.8,0.9,DEN,3.0,5.7
25,1.3,AS,0.9,3.9,.537,.499,5.1,10.1,.400,2.4,6.1,.462,7.5,16.2,.777,3.1,4.0,71,71,38.0,Rashard Lewis,1.5,2.2,SF,20.5,1.1,SEA,1.7,5.5
28,2.7,"MVP-4,DPOY-4,AS,NBA1",2.6,8.0,.498,.498,7.8,15.7,.333,0.0,0.1,.496,7.8,15.8,.670,4.6,6.9,66,66,33.4,Tim Duncan,3.1,2.2,PF,20.3,0.7,SAS,1.9,11.1
27,2.1,,0.2,3.4,.530,.475,4.2,8.8,.402,2.6,6.6,.444,6.8,15.4,.920,3.8,4.2,66,66,38.4,Peja StojakoviÄ,0.9,2.4,SF,20.1,1.2,SAC,1.5,4.3
25,2.6,,2.1,5.9,.503,.504,7.8,15.4,.000,0.0,0.0,.503,7.8,15.4,.752,4.5,6.0,81,81,37.0,Elton Brand,3.7,3.0,PF,20.0,0.8,LAC,2.3,9.5
32,3.3,AS,0.4,3.6,.511,.513,7.7,15.0,.231,0.0,0.2,.509,7.7,15.1,.821,4.2,5.1,67,67,34.9,Grant Hill,1.1,2.1,SF,19.7,1.4,ORL,2.4,4.7
26,6.8,,0.4,3.2,.495,.477,5.4,11.3,.360,1.6,4.6,.443,7.0,15.8,.775,4.0,5.2,80,80,38.6,Mike Bibby,1.0,2.4,PG,19.6,1.6,SAC,2.5,4.2
28,2.3,AS,0.2,5.3,.466,.457,6.6,14.4,.341,1.0,3.1,.437,7.6,17.5,.760,3.3,4.4,68,68,38.3,Antawn Jamison,2.4,2.2,PF,19.6,0.8,WAS,1.7,7.6
31,4.7,,0.8,7.2,.438,.436,8.1,18.5,.341,0.2,0.7,.433,8.3,19.1,.794,2.7,3.4,67,67,35.4,Chris Webber,1.9,3.2,PF,19.5,1.4,2TM,2.7,9.1
26,1.9,"MVP-14,DPOY-5,AS,NBA3",1.5,8.4,.520,.526,6.2,11.7,.334,1.4,4.2,.476,7.6,15.9,.833,2.8,3.4,81,81,38.8,Shawn Marion,2.9,2.5,PF,19.4,2.0,PHO,1.5,11.3
25,7.9,,0.3,3.1,.465,.435,3.8,8.7,.333,2.6,7.7,.387,6.3,16.3,.761,4.0,5.3,46,32,34.4,Baron Davis,0.7,2.7,PG,19.2,1.8,2TM,2.8,3.8
28,3.4,,0.8,6.7,.462,.455,6.1,13.5,.323,1.4,4.4,.422,7.5,17.9,.539,2.6,4.8,77,77,38.4,Antoine Walker,2.4,2.8,PF,19.1,1.2,2TM,3.3,9.0
23,1.9,,0.4,6.5,.448,.452,7.2,16.0,.000,0.0,0.1,.448,7.2,16.1,.815,4.5,5.5,46,37,34.8,Zach Randolph,3.1,2.4,PF,18.9,0.7,POR,2.4,9.6
26,4.9,,0.2,2.9,.455,.455,6.2,13.7,.305,0.5,1.6,.440,6.7,15.3,.858,4.8,5.6,76,76,38.5,Richard Hamilton,1.0,3.1,SG,18.7,1.0,DET,2.9,3.9
26,2.3,,0.3,4.0,.466,.426,4.5,10.5,.360,2.0,5.6,.403,6.5,16.1,.830,3.7,4.5,51,49,35.4,Stephen Jackson,0.9,3.0,SF,18.7,1.3,IND,2.4,4.9
32,2.6,,0.1,2.9,.501,.473,5.2,10.9,.394,1.3,3.4,.455,6.5,14.3,.854,4.1,4.8,81,65,33.5,Jalen Rose,0.5,2.3,SF,18.5,0.8,TOR,2.2,3.4
24,0.8,AS,2.0,5.8,.552,.552,6.7,12.2,,0.0,0.0,.552,6.7,12.2,.783,4.9,6.2,80,80,30.6,Yao Ming,2.6,3.7,C,18.3,0.4,HOU,2.5,8.4
23,2.8,,0.5,6.2,.521,.522,7.1,13.6,.000,0.0,0.0,.521,7.1,13.6,.698,3.7,5.3,51,51,34.7,Carlos Boozer,2.8,3.5,PF,17.8,0.8,UTA,2.7,9.0
24,2.4,,1.7,5.0,.514,.517,6.4,12.3,.167,0.0,0.1,.514,6.4,12.4,.768,5.0,6.6,56,53,32.0,Pau Gasol,2.3,2.6,PF,17.8,0.7,MEM,2.4,7.3
24,4.3,,0.3,2.4,.483,.431,3.6,8.4,.361,2.6,7.3,.398,6.2,15.7,.843,2.6,3.1,70,67,38.4,Jamal Crawford,0.5,1.9,SG,17.7,1.3,NYK,2.1,2.9
24,3.2,,0.2,4.8,.468,.479,6.6,13.8,.216,0.2,1.1,.459,6.9,14.9,.672,3.6,5.3,66,66,38.6,Al Harrington,2.2,3.8,SF,17.5,1.3,ATL,3.1,7.0
29,2.8,,0.5,2.8,.518,.437,3.9,8.9,.439,2.3,5.2,.438,6.2,14.1,.820,2.5,3.1,66,64,36.2,Cuttino Mobley,0.7,2.3,SG,17.2,1.1,2TM,2.0,3.5
27,2.7,,0.3,2.8,.443,.445,6.0,13.4,.125,0.0,0.1,.443,6.0,13.5,.802,5.3,6.6,80,71,36.2,Desmond Mason,1.1,2.5,SF,17.2,0.7,MIL,2.1,3.9
23,3.5,,0.3,3.7,.536,.454,4.5,9.9,.478,2.2,4.5,.461,6.6,14.4,.750,1.6,2.2,82,82,39.5,Joe Johnson,1.5,2.0,SF,17.1,1.0,PHO,1.8,5.1
29,1.3,AS,2.1,4.8,.469,.469,5.8,12.5,.286,0.0,0.1,.468,5.9,12.6,.799,5.2,6.4,78,78,33.5,Zydrunas Ilgauskas,3.8,4.0,C,16.9,0.7,CLE,2.4,8.6
28,2.1,,0.5,5.0,.514,.510,6.0,11.7,.385,0.3,0.7,.503,6.2,12.4,.866,4.1,4.7,54,49,34.6,Shareef Abdur-Rahim,2.3,2.8,PF,16.8,0.9,POR,2.2,7.3
20,1.9,,1.4,6.5,.472,.472,5.8,12.3,.300,0.0,0.1,.471,5.8,12.4,.760,5.1,6.7,81,81,37.2,Chris Bosh,2.4,2.8,PF,16.8,0.9,TOR,2.3,8.9
22,6.1,,0.1,3.1,.501,.516,6.2,12.0,.276,0.5,2.0,.482,6.7,14.0,.650,2.6,4.0,80,80,34.2,Tony Parker,0.6,2.1,PG,16.6,1.2,SAS,2.7,3.7
28,5.8,,0.1,2.8,.533,.454,3.0,6.6,.426,2.1,4.8,.442,5.1,11.4,.898,4.3,4.8,80,80,35.8,Chauncey Billups,0.6,2.4,PG,16.5,1.0,DET,2.3,3.4
24,2.7,MIP-1,0.2,4.2,.491,.470,5.7,12.0,.435,0.7,1.5,.466,6.3,13.6,.846,3.1,3.6,75,74,37.3,Bobby Simmons,1.7,3.0,SF,16.4,1.4,LAC,1.8,5.9
22,0.6,,0.9,3.5,.538,.538,6.2,11.6,,0.0,0.0,.538,6.2,11.6,.720,3.6,5.0,63,60,28.7,Eddy Curry,1.8,3.2,C,16.1,0.3,CHI,2.6,5.4
25,3.0,6MOY-2,0.3,2.2,.491,.488,5.1,10.5,.339,0.7,2.2,.462,5.9,12.7,.815,3.5,4.3,82,11,32.9,Ricky Davis,0.8,2.1,SG,16.0,1.1,BOS,2.5,3.0
27,3.9,"DPOY-18,AS",0.4,3.4,.533,.517,3.6,7.1,.376,1.3,3.5,.471,5.0,10.5,.803,4.8,6.0,74,74,29.6,Manu GinÃ³bili,1.0,2.6,SG,16.0,1.6,SAS,2.3,4.4
31,5.7,,0.0,3.1,.470,.409,3.4,8.3,.369,2.2,6.0,.392,5.6,14.4,.915,2.2,2.5,81,70,34.1,Damon Stoudamire,0.7,2.0,PG,15.8,1.1,POR,2.0,3.8
31,2.6,,0.3,3.4,.491,.436,4.2,9.7,.407,1.8,4.5,.427,6.0,14.2,.831,1.8,2.1,64,64,36.8,Michael Finley,0.7,1.9,SG,15.7,0.8,DAL,0.9,4.1
24,6.4,DPOY-12,0.3,3.5,.461,.420,3.9,9.3,.355,1.9,5.3,.397,5.8,14.6,.792,2.2,2.8,77,77,36.4,Kirk Hinrich,0.4,3.2,PG,15.7,1.6,CHI,2.3,3.9
23,3.2,DPOY-10,3.3,4.0,.520,.536,4.5,8.4,.299,0.6,1.9,.493,5.0,10.2,.784,5.0,6.3,41,37,32.9,Andrei Kirilenko,2.2,2.5,PF,15.6,1.6,UTA,2.2,6.2
28,3.9,,1.2,6.8,.528,.532,5.6,10.5,.263,0.1,0.3,.524,5.7,10.9,.812,4.2,5.1,56,56,37.3,Brad Miller,2.5,3.2,C,15.6,1.2,SAC,1.5,9.3
24,1.9,,0.3,3.9,.464,.465,5.2,11.2,.304,0.5,1.6,.445,5.7,12.9,.862,3.6,4.1,77,77,35.7,Caron Butler,1.9,2.8,SF,15.5,1.4,LAL,1.6,5.8
27,2.4,,1.1,5.2,.490,.496,6.3,12.8,.000,0.0,0.2,.490,6.3,13.0,.646,2.8,4.4,70,67,32.5,Kenyon Martin,2.1,3.3,PF,15.5,1.4,DEN,2.1,7.3
30,11.5,"MVP-1,AS,NBA1",0.1,2.6,.557,.526,4.5,8.5,.431,1.3,2.9,.502,5.7,11.4,.887,2.8,3.2,75,75,34.3,Steve Nash,0.8,1.8,PG,15.5,1.0,PHO,3.3,3.3
27,2.4,6MOY-6,0.2,2.7,.540,.536,5.0,9.3,.373,0.8,2.1,.506,5.7,11.3,.855,3.2,3.8,81,37,31.6,Wally Szczerbiak,1.0,2.2,SF,15.5,0.5,MIN,1.6,3.7
24,1.4,,0.5,7.2,.445,.417,4.8,11.4,.399,0.8,2.1,.414,5.6,13.5,.730,3.3,4.6,70,69,33.9,Troy Murphy,3.6,2.7,PF,15.4,0.8,GSW,1.5,10.8
25,3.7,,1.0,8.1,.496,.502,5.2,10.3,.308,0.6,1.8,.473,5.7,12.1,.695,3.2,4.7,64,64,36.3,Lamar Odom,2.1,3.3,PF,15.2,0.7,LAL,2.5,10.2
21,2.0,"ROY-2,6MOY-1",0.1,2.0,.474,.414,3.7,8.8,.405,1.6,4.0,.411,5.3,12.9,.863,2.8,3.3,82,3,24.4,Ben Gordon,0.7,2.7,SG,15.1,0.6,CHI,2.3,2.6
22,0.9,"ROY-1,DPOY-21",1.7,7.1,.447,.447,6.1,13.7,.000,0.0,0.0,.447,6.1,13.7,.609,2.9,4.7,73,73,35.6,Emeka Okafor,3.8,2.9,PF,15.1,0.8,CHA,1.7,10.9
24,2.0,,0.3,4.9,.498,.437,2.3,5.2,.358,2.9,8.0,.389,5.2,13.2,.739,1.7,2.3,79,78,35.9,Quentin Richardson,1.2,2.5,SG,14.9,1.2,PHO,1.3,6.1
30,2.3,6MOY-4,0.2,2.6,.438,.446,4.3,9.7,.267,0.6,2.1,.414,4.9,11.8,.849,4.5,5.3,56,7,28.9,Jerry Stackhouse,0.7,1.9,SG,14.9,0.9,DAL,1.9,3.3
39,2.2,,0.1,2.1,.503,.518,3.3,6.4,.322,1.5,4.5,.437,4.8,10.9,.933,3.8,4.1,66,66,31.9,Reggie Miller,0.3,1.7,SG,14.8,0.8,IND,1.2,2.4
24,3.0,DPOY-7,0.9,3.7,.511,.512,5.1,10.1,.341,0.6,1.7,.487,5.7,11.7,.807,2.7,3.3,82,82,37.1,Tayshaun Prince,1.6,2.0,SF,14.7,0.7,DET,1.6,5.3
30,1.8,DPOY-16,1.5,5.9,.475,.475,5.0,10.5,.318,0.9,3.0,.440,5.9,13.4,.697,1.7,2.5,79,79,34.0,Rasheed Wallace,2.2,3.0,PF,14.5,0.8,DET,1.6,8.2
23,1.6,,0.9,6.7,.495,.502,5.6,11.2,.179,0.1,0.3,.492,5.7,11.5,.810,3.1,3.8,82,80,30.8,Drew Gooden,2.5,2.8,PF,14.4,0.9,CLE,1.6,9.2
31,8.3,,0.1,6.0,.473,.425,3.2,7.5,.360,2.0,5.4,.398,5.2,13.0,.740,2.2,2.9,66,65,36.9,Jason Kidd,1.4,1.7,PG,14.4,1.9,NJN,2.5,7.4
28,6.4,,0.1,3.0,.485,.451,3.3,7.3,.357,1.7,4.9,.414,5.0,12.2,.740,2.4,3.2,80,78,34.0,Rafer Alston,0.5,2.7,PG,14.2,1.5,TOR,2.1,3.5
29,1.6,,0.2,2.5,.478,.479,6.1,12.8,.000,0.0,0.0,.478,6.1,12.8,.806,2.0,2.4,68,51,29.7,Lee Nailon,1.9,2.8,SF,14.2,0.5,NOH,1.6,4.4
28,1.8,,0.2,3.6,.494,.504,5.2,10.4,.209,0.1,0.6,.489,5.4,11.0,.778,3.1,4.0,78,55,33.1,Matt Harpring,2.5,3.2,SF,14.0,0.9,UTA,1.7,6.2
25,2.3,6MOY-14,0.3,2.6,.479,.438,3.5,8.0,.380,1.4,3.7,.419,4.9,11.7,.836,2.8,3.4,67,11,26.2,Hedo TÃ¼rkoÄlu,0.9,2.1,SF,14.0,0.6,ORL,1.8,3.5
30,4.4,,0.0,2.0,.523,.466,2.6,5.5,.387,2.1,5.5,.426,4.7,11.1,.803,2.0,2.5,82,82,35.4,Chucky Atkins,0.4,2.2,PG,13.6,0.9,LAL,1.8,2.4
28,6.9,,0.1,2.9,.480,.492,5.1,10.4,.154,0.1,0.5,.477,5.2,10.9,.838,3.1,3.7,82,82,34.8,Andre Miller,1.2,2.5,PG,13.6,1.5,DEN,2.7,4.1
35,5.1,,0.2,2.2,.484,.500,4.9,9.9,.262,0.5,1.7,.464,5.4,11.6,.865,2.3,2.6,59,38,25.8,Sam Cassell,0.4,2.7,PG,13.5,0.6,MIN,1.8,2.7
24,2.6,,0.3,4.3,.510,.479,3.8,8.0,.388,1.4,3.5,.451,5.2,11.5,.779,1.7,2.2,79,79,32.5,Mike Dunleavy,1.2,2.5,SF,13.4,1.0,GSW,1.7,5.5
24,2.9,,0.3,3.5,.597,.558,3.3,5.8,.433,1.8,4.3,.505,5.1,10.1,.720,1.4,2.0,76,51,30.0,Mike Miller,0.5,2.6,SF,13.4,0.7,MEM,1.7,3.9
25,1.2,,0.8,4.2,.512,.512,5.4,10.5,,0.0,0.0,.512,5.4,10.5,.745,2.3,3.1,72,72,31.6,PrimoÅ¾ Brezec,3.1,2.5,C,13.0,0.5,CHA,1.5,7.4
25,2.0,6MOY-11,0.8,5.1,.479,.486,4.1,8.5,.270,0.2,0.8,.468,4.3,9.2,.850,4.0,4.7,82,25,28.1,Mehmet Okur,2.4,2.8,C,12.9,0.4,UTA,1.7,7.5
30,5.1,,0.0,1.6,.462,.439,3.8,8.6,.345,1.2,3.5,.412,5.0,12.0,.813,1.7,2.1,76,69,34.9,Jeff McInnis,0.4,2.3,PG,12.8,0.7,CLE,1.5,2.1
23,2.0,,1.2,3.6,.488,.487,5.2,10.7,.348,0.1,0.4,.482,5.3,11.1,.600,2.0,3.4,63,22,27.0,Darius Miles,1.1,3.0,SF,12.8,1.2,POR,2.5,4.7
34,2.2,,0.3,2.4,.450,.439,4.1,9.4,.327,0.9,2.6,.414,5.0,12.0,.830,2.0,2.4,80,79,30.6,Latrell Sprewell,0.8,1.6,SF,12.8,0.7,MIN,1.6,3.2
33,2.7,,0.5,4.6,.515,.477,2.6,5.5,.372,1.8,4.8,.428,4.4,10.3,.806,2.2,2.7,80,80,35.5,Eddie Jones,0.5,3.1,SF,12.7,1.1,MIA,1.2,5.1
24,1.4,DPOY-18,0.6,4.1,.497,.506,4.5,8.9,.296,0.4,1.5,.475,5.0,10.4,.733,2.2,3.1,76,76,32.2,Josh Howard,2.2,2.8,SF,12.6,1.5,DAL,1.6,6.4
26,4.9,,0.1,2.1,.461,.432,3.1,7.2,.347,1.2,3.5,.405,4.3,10.6,.833,2.7,3.2,71,46,29.4,Dan Dickau,0.5,2.8,PG,12.5,1.1,2TM,2.0,2.5
27,2.1,,0.2,3.3,.496,.442,2.8,6.3,.385,1.6,4.1,.420,4.3,10.3,.832,2.3,2.8,82,61,30.6,Morris Peterson,0.9,2.7,SG,12.5,1.1,TOR,1.1,4.1
27,2.1,,0.2,4.8,.471,.472,5.0,10.6,.200,0.0,0.1,.470,5.0,10.7,.762,2.4,3.1,73,58,29.7,Kenny Thomas,2.5,3.1,PF,12.4,0.9,2TM,1.8,7.3
28,4.5,6MOY-3,0.1,1.3,.447,.432,3.5,8.0,.337,0.7,2.0,.413,4.1,10.0,.921,3.4,3.7,82,5,26.4,Earl Boykins,0.5,1.5,PG,12.4,1.0,DEN,1.5,1.7
27,5.4,,0.2,1.9,.570,.540,3.4,6.2,.420,1.3,3.1,.501,4.7,9.3,.844,1.8,2.2,80,57,30.0,Jason Terry,0.5,2.2,PG,12.4,1.4,DAL,1.8,2.4
28,1.4,,0.1,2.4,.495,.467,4.0,8.5,.403,0.9,2.1,.454,4.8,10.6,.747,1.8,2.4,63,32,28.4,Raja Bell,0.8,3.3,SG,12.3,0.7,UTA,1.3,3.2
19,0.9,"ROY-3,DPOY-21",1.7,6.5,.520,.521,4.3,8.2,.000,0.0,0.0,.520,4.3,8.3,.671,3.4,5.0,82,82,32.6,Dwight Howard,3.5,2.8,PF,12.0,0.9,ORL,2.0,10.0
30,1.0,,0.2,2.7,.465,.466,4.2,9.0,.000,0.0,0.0,.465,4.2,9.0,.828,3.6,4.3,81,23,24.4,Marc Jackson,2.3,2.1,C,12.0,0.4,PHI,1.6,5.0
27,1.5,,0.2,2.7,.498,.451,3.2,7.2,.409,1.2,2.9,.439,4.4,10.1,.786,1.9,2.4,71,68,27.3,Tim Thomas,0.6,3.1,SF,12.0,0.6,NYK,1.6,3.3
34,3.3,DPOY-16,0.1,2.4,.468,.411,2.7,6.6,.375,1.5,3.9,.398,4.2,10.5,.857,2.0,2.4,80,79,34.7,David Wesley,0.5,2.7,SG,11.9,1.2,2TM,1.4,2.9
31,1.9,,0.1,1.8,.477,.447,3.1,6.9,.356,1.3,3.6,.416,4.4,10.6,.757,1.8,2.4,56,1,23.9,Tony Delk,0.5,2.2,SG,11.9,0.8,ATL,1.0,2.3
30,4.1,,0.1,2.4,.465,.407,2.6,6.3,.371,1.5,3.9,.393,4.0,10.2,.862,2.4,2.7,74,32,30.0,Derek Fisher,0.5,2.4,PG,11.9,1.0,GSW,1.7,2.9
29,3.6,,0.1,2.3,.507,.470,3.1,6.6,.386,1.4,3.5,.441,4.5,10.1,.752,1.5,2.0,74,5,25.1,Mike James,0.5,2.4,PG,11.8,0.9,2TM,1.4,2.8
24,1.4,6MOY-5,0.5,3.8,.508,.430,2.2,5.1,.389,2.0,5.2,.409,4.2,10.3,.786,1.3,1.6,63,0,29.5,Vladimir RadmanoviÄ,0.8,2.7,PF,11.8,0.9,SEA,1.3,4.6
19,2.2,ROY-5,0.4,3.8,.458,.472,4.1,8.7,.265,0.5,1.9,.434,4.6,10.6,.741,2.0,2.7,61,45,27.3,Luol Deng,1.5,1.6,SF,11.7,0.8,CHI,1.9,5.3
28,4.3,,0.1,2.6,.611,.517,1.3,2.5,.432,2.7,6.4,.456,4.0,8.9,.791,0.8,1.0,82,66,31.4,Damon Jones,0.2,1.5,PG,11.6,0.5,MIA,1.2,2.8
29,2.0,,0.3,2.1,.532,.550,4.5,8.2,.080,0.0,0.4,.531,4.6,8.6,.599,2.4,4.0,70,36,28.0,Ruben Patterson,1.8,2.3,SF,11.6,1.5,POR,2.0,3.9
26,6.0,,0.1,2.4,.430,.447,4.0,8.9,.180,0.2,1.0,.421,4.1,9.9,.736,3.0,4.1,62,47,30.1,Speedy Claxton,0.6,3.0,PG,11.5,1.8,2TM,1.9,3.0
23,2.2,6MOY-11,0.4,4.1,.567,.453,1.1,2.5,.405,2.8,6.8,.418,3.9,9.3,.854,1.0,1.2,82,57,32.5,Kyle Korver,0.5,3.2,SF,11.5,1.3,PHI,1.3,4.6
31,1.2,6MOY-9,0.7,5.1,.570,.485,1.7,3.5,.416,2.3,5.6,.443,4.0,9.1,.791,1.1,1.4,65,2,25.3,Donyell Marshall,1.5,2.1,PF,11.5,0.9,TOR,0.6,6.6
32,2.0,,1.0,8.3,.472,.470,5.3,11.2,.500,0.0,0.1,.471,5.3,11.3,.786,0.8,1.1,80,80,35.7,Kurt Thomas,2.1,3.9,PF,11.5,0.9,NYK,1.2,10.4
36,6.1,,0.2,2.4,.497,.498,3.9,7.7,.326,0.5,1.7,.468,4.4,9.4,.761,2.0,2.6,77,77,33.0,Gary Payton,0.6,1.6,PG,11.3,1.1,BOS,1.9,3.1
27,4.6,,0.0,1.9,.493,.481,3.4,7.1,.355,0.8,2.2,.451,4.2,9.3,.861,2.0,2.4,70,49,28.7,Tyronn Lue,0.2,2.4,PG,11.2,0.5,2TM,1.5,2.1
29,1.2,,0.3,3.3,.504,.481,3.3,6.8,.380,0.9,2.3,.456,4.1,9.1,.815,2.1,2.5,62,16,24.2,Keith Van Horn,1.4,2.7,PF,11.2,0.6,2TM,1.3,4.7
29,4.1,6MOY-8,0.0,2.0,.478,.489,3.0,6.1,.297,0.7,2.2,.438,3.6,8.3,.816,3.3,4.1,75,2,27.0,Antonio Daniels,0.3,1.0,PG,11.2,0.7,SEA,1.0,2.3
28,1.2,,1.2,5.0,.555,.559,3.2,5.8,.364,1.0,2.8,.496,4.3,8.6,.811,1.5,1.9,80,80,27.5,Raef LaFrentz,1.9,3.3,PF,11.1,0.5,BOS,0.9,6.9
33,4.3,,0.0,2.7,.471,.375,2.2,5.7,.389,1.9,4.8,.381,4.0,10.6,.784,1.1,1.4,53,34,30.5,Nick Van Exel,0.4,1.3,SG,11.1,0.8,POR,1.7,3.0
22,2.0,,1.3,3.8,.462,.468,3.8,8.2,.274,0.2,0.9,.449,4.1,9.1,.661,2.7,4.1,70,68,30.7,Gerald Wallace,1.7,2.6,SF,11.1,1.7,CHA,2.3,5.5
29,0.9,,0.5,4.9,.514,.515,4.3,8.4,.000,0.0,0.0,.514,4.3,8.4,.768,2.4,3.1,74,73,30.6,Joe Smith,2.4,3.0,PF,11.0,0.6,MIL,1.1,7.3
24,1.4,,0.5,6.1,.540,.543,4.3,8.0,.000,0.0,0.1,.540,4.3,8.0,.791,2.2,2.8,80,80,33.4,Udonis Haslem,3.0,3.3,PF,10.9,0.8,MIA,1.4,9.1
35,2.2,MVP-14,0.6,5.7,.446,.446,4.1,9.2,,0.0,0.0,.446,4.1,9.2,.864,2.6,3.0,82,78,34.4,P.J. Brown,3.2,2.8,PF,10.8,0.9,NOH,1.2,9.0
25,2.5,,0.4,2.7,.492,.450,2.4,5.4,.380,1.1,3.0,.425,3.6,8.4,.850,2.3,2.7,77,14,29.5,Fred Jones,0.4,2.2,SG,10.6,0.8,IND,1.5,3.1
34,2.9,6MOY-10,0.1,3.7,.531,.439,2.0,4.5,.414,1.9,4.6,.426,3.9,9.1,.931,0.8,0.9,64,27,31.0,Jim Jackson,0.5,2.4,SF,10.5,0.5,2TM,1.8,4.2
28,1.2,,0.4,2.6,.470,.460,3.4,7.4,.346,0.5,1.5,.441,3.9,8.9,.750,2.0,2.7,69,19,21.6,Bonzi Wells,0.7,2.4,SG,10.4,1.2,MEM,1.3,3.3
31,1.1,,0.2,2.2,.467,.469,3.8,8.1,.000,0.0,0.0,.467,3.8,8.1,.799,2.7,3.4,72,9,21.2,Corliss Williamson,1.4,3.0,PF,10.3,0.5,2TM,1.2,3.6
30,2.3,"MVP-14,DPOY-3",3.0,8.0,.465,.468,4.2,9.0,.000,0.0,0.1,.465,4.2,9.1,.723,1.9,2.6,66,66,30.5,Marcus Camby,2.0,2.7,C,10.3,0.9,DEN,1.6,10.0
19,1.9,ROY-5,0.1,1.5,.449,.458,2.8,6.1,.288,1.1,3.7,.394,3.9,9.8,.689,1.5,2.1,76,56,24.5,J.R. Smith,0.5,1.8,SG,10.3,0.7,NOH,1.4,2.0
31,5.2,,0.1,4.2,.481,.458,2.6,5.7,.355,0.9,2.5,.427,3.5,8.3,.750,2.3,3.1,61,59,31.5,Bob Sura,1.3,2.8,PG,10.3,1.1,HOU,2.4,5.5
23,1.7,,0.2,3.4,.428,.403,3.0,7.5,.341,0.8,2.3,.389,3.8,9.8,.839,1.8,2.2,54,22,28.9,Jarvis Hayes,0.8,2.0,SF,10.2,0.9,WAS,1.1,4.2
22,6.1,,0.1,2.4,.460,.456,3.6,8.0,.323,0.4,1.2,.438,4.0,9.2,.850,1.7,2.0,80,80,28.2,Mo Williams,0.6,2.8,PG,10.2,0.9,MIL,2.5,3.1
21,1.9,,0.4,3.6,.481,.493,3.6,7.3,.232,0.2,0.7,.470,3.8,8.0,.823,2.4,2.9,80,44,29.7,Josh Childress,2.4,2.3,SG,10.1,0.9,ATL,1.3,6.0
29,9.0,,0.1,2.3,.425,.432,3.7,8.6,.150,0.0,0.3,.422,3.8,8.9,.852,2.5,3.0,66,61,29.5,Brevin Knight,0.3,2.9,PG,10.1,2.0,CHA,2.2,2.6
25,0.7,,1.5,3.0,.449,.452,3.7,8.1,.000,0.0,0.1,.449,3.7,8.1,.758,2.8,3.7,60,14,21.3,Stromile Swift,1.5,3.0,PF,10.1,0.7,MEM,1.5,4.6
29,5.6,,0.1,1.5,.496,.506,2.2,4.4,.324,1.5,4.6,.413,3.7,9.1,.792,1.1,1.4,71,68,27.5,Jason Williams,0.3,1.3,PG,10.1,1.1,MEM,1.8,1.7
21,1.0,,0.8,3.2,.493,.495,3.7,7.6,.000,0.0,0.0,.493,3.7,7.6,.725,2.5,3.4,75,57,26.2,Nenad KrstiÄ,2.1,3.7,PF,10.0,0.4,NJN,1.5,5.3
23,5.9,,0.3,1.8,.450,.414,2.8,6.8,.376,0.8,2.2,.405,3.6,9.0,.883,1.9,2.2,82,82,31.4,Luke Ridnour,0.7,2.3,PG,10.0,1.1,SEA,1.8,2.5
26,1.6,DPOY-21,1.0,3.2,.499,.461,2.5,5.5,.395,0.9,2.2,.442,3.4,7.7,.789,2.3,2.9,80,72,31.5,Shane Battier,2.0,2.5,SG,9.9,1.1,MEM,0.9,5.2
26,6.1,,0.3,2.8,.475,.435,2.7,6.1,.371,1.1,3.0,.414,3.8,9.1,.720,1.2,1.6,50,41,33.1,Marko JariÄ,0.4,2.1,PG,9.9,1.7,LAC,2.0,3.2
25,0.7,,1.4,4.1,.507,.509,3.7,7.3,.000,0.0,0.0,.507,3.7,7.4,.678,2.3,3.4,75,75,24.9,Chris Mihm,2.6,3.2,C,9.8,0.2,LAL,1.5,6.7
19,1.7,,1.9,4.2,.458,.466,3.6,7.8,.174,0.1,0.3,.455,3.7,8.1,.688,2.2,3.2,74,59,27.7,Josh Smith,2.0,2.1,SF,9.7,0.8,ATL,1.8,6.2
30,1.7,"DPOY-1,AS,NBA3",2.4,8.2,.454,.458,4.0,8.7,.111,0.0,0.1,.453,4.0,8.8,.428,1.8,4.1,74,74,36.1,Ben Wallace,3.9,2.1,C,9.7,1.4,DET,1.1,12.2
24,1.8,,0.1,2.0,.422,.398,2.8,7.0,.329,0.8,2.3,.381,3.5,9.3,.727,1.8,2.5,74,42,24.2,Keith Bogans,1.0,2.3,SG,9.6,0.9,CHA,1.6,3.1
22,1.5,,0.9,4.0,.503,.505,3.5,7.0,.000,0.0,0.0,.503,3.5,7.0,.660,2.5,3.9,55,18,23.9,NenÃª,1.9,3.0,C,9.6,0.9,DEN,1.7,5.9
31,1.5,,0.1,3.6,.451,.452,4.0,8.9,.000,0.0,0.0,.451,4.0,8.9,.843,1.6,1.9,61,47,26.6,Juwan Howard,2.1,2.3,PF,9.6,0.5,HOU,1.3,5.7
30,0.9,6MOY-7,0.7,4.0,.513,.514,4.0,7.8,.000,0.0,0.0,.513,4.0,7.8,.656,1.6,2.5,77,8,23.3,Antonio McDyess,2.3,2.6,PF,9.6,0.6,DET,1.2,6.3
29,1.1,,0.9,5.5,.469,.471,4.0,8.5,.000,0.0,0.0,.469,4.0,8.5,.662,1.6,2.5,80,77,28.6,Lorenzen Wright,2.2,3.1,C,9.6,0.7,MEM,1.3,7.7
27,0.4,,1.1,4.4,.480,.481,3.8,7.8,.000,0.0,0.0,.480,3.8,7.8,.674,2.0,2.9,77,59,25.1,Nazr Mohammed,3.2,3.1,C,9.5,0.8,2TM,1.4,7.6
26,5.0,,0.2,2.5,.479,.464,3.0,6.5,.368,0.5,1.3,.449,3.5,7.7,.785,2.1,2.7,74,27,25.5,Jason Hart,0.2,2.3,PG,9.5,1.3,CHA,1.4,2.7
22,1.2,,0.3,1.9,.494,.480,2.2,4.6,.344,1.0,2.9,.427,3.2,7.5,.698,2.1,3.0,67,3,20.0,MickaÃ«l PiÃ©trus,1.0,2.1,SF,9.5,0.7,GSW,1.4,2.8
29,1.6,,0.8,3.1,.529,.530,4.0,7.5,.000,0.0,0.0,.529,4.0,7.5,.713,1.4,2.0,82,57,26.0,Mark Blount,1.7,2.8,C,9.4,0.4,BOS,1.9,4.8
25,0.8,,1.7,3.9,.560,.560,3.5,6.3,,0.0,0.0,.560,3.5,6.3,.609,2.3,3.8,68,68,27.4,Brendan Haywood,3.0,3.2,C,9.4,0.8,WAS,1.4,6.8
30,3.0,,0.1,2.2,.463,.392,2.0,5.1,.384,1.2,3.2,.389,3.2,8.3,.805,1.5,1.9,47,32,26.4,Derek Anderson,0.5,1.9,SG,9.2,0.8,POR,1.5,2.7
29,0.9,,1.4,5.4,.550,.555,3.4,6.2,.000,0.0,0.1,.550,3.4,6.2,.605,2.3,3.9,59,56,27.3,Erick Dampier,3.1,3.5,C,9.2,0.3,DAL,1.7,8.5
24,2.1,,0.2,2.2,.443,.454,3.6,7.8,.200,0.1,0.6,.437,3.7,8.4,.737,1.6,2.2,60,17,23.5,Marquis Daniels,1.5,2.1,SG,9.1,1.4,DAL,1.4,3.6
22,1.2,,1.1,4.6,.497,.498,3.9,7.8,.000,0.0,0.0,.497,3.9,7.9,.661,1.3,1.9,63,50,25.9,Chris Kaman,2.1,2.9,C,9.1,0.4,LAC,1.8,6.7
27,2.0,,0.3,2.8,.421,.378,2.0,5.3,.352,0.8,2.2,.370,2.8,7.4,.873,2.7,3.1,58,16,24.7,Brian Cardinal,1.1,3.0,PF,9.0,1.5,MEM,1.4,3.9
21,3.0,"ROY-4,DPOY-14",0.6,4.6,.536,.550,2.7,4.9,.331,0.6,1.7,.493,3.3,6.7,.743,1.9,2.6,82,82,32.8,Andre Iguodala,1.1,2.5,SG,9.0,1.7,PHI,1.7,5.7
29,1.3,,0.2,3.7,.424,.443,2.0,4.4,.259,0.6,2.4,.378,2.6,6.8,.883,3.1,3.5,73,22,25.0,Austin Croshere,1.4,2.1,PF,8.9,0.7,IND,1.4,5.1
27,1.7,,0.1,1.9,.478,.465,3.0,6.5,.362,0.5,1.3,.448,3.5,7.8,.810,1.4,1.7,81,44,20.5,Gordan GiriÄek,0.3,1.9,SG,8.8,0.6,UTA,1.1,2.2
28,3.6,,0.1,1.1,.468,.436,2.2,5.1,.345,1.1,3.3,.401,3.4,8.4,.778,0.9,1.1,79,32,21.9,Troy Hudson,0.2,1.5,PG,8.7,0.3,MIN,1.4,1.3
22,3.0,,0.0,1.8,.490,.497,3.1,6.2,.312,0.6,1.8,.455,3.6,7.9,.682,0.9,1.4,79,21,20.4,Jameer Nelson,0.7,2.5,PG,8.7,1.0,ORL,1.5,2.4
23,0.8,,0.1,1.6,.461,.396,2.3,5.9,.412,1.0,2.4,.401,3.3,8.3,.824,0.9,1.0,81,14,18.4,Jason Kapono,0.4,1.6,SF,8.5,0.5,CHA,0.6,2.0
24,1.4,,0.1,1.4,.450,.394,2.2,5.6,.372,1.1,2.9,.387,3.3,8.5,.771,0.8,1.0,48,22,20.2,Kareem Rush,0.4,1.5,SG,8.4,0.4,2TM,1.0,1.9
29,0.7,,0.3,2.3,.461,.451,3.0,6.6,.352,0.4,1.0,.438,3.4,7.6,.800,1.4,1.7,71,1,20.2,Predrag Drobnjak,1.0,1.9,C,8.4,0.6,ATL,1.1,3.4
30,4.8,,0.2,2.3,.490,.466,2.6,5.5,.380,0.7,1.7,.445,3.2,7.2,.752,1.3,1.8,63,36,27.7,Anthony Johnson,0.5,2.3,PG,8.4,0.9,IND,1.5,2.8
25,1.5,DPOY-21,0.4,3.9,.422,.429,2.7,6.2,.258,0.3,1.2,.401,3.0,7.4,.766,2.1,2.7,81,38,23.4,AndrÃ©s Nocioni,0.9,2.6,SF,8.4,0.5,CHI,1.7,4.8
22,0.6,,0.4,3.2,.531,.533,3.1,5.8,.000,0.0,0.0,.531,3.1,5.8,.749,2.3,3.1,77,28,19.6,Mike Sweetney,2.2,2.9,C,8.4,0.4,NYK,1.4,5.4
33,1.5,DPOY-2,0.5,2.9,.505,.432,1.8,4.2,.403,1.2,3.1,.420,3.1,7.3,.634,0.9,1.4,82,82,32.0,Bruce Bowen,0.6,2.1,SF,8.2,0.7,SAS,0.7,3.5
23,0.5,,1.7,4.9,.524,.524,3.5,6.6,,0.0,0.0,.524,3.5,6.6,.601,1.2,2.1,72,60,24.8,Samuel Dalembert,2.6,3.3,C,8.2,0.6,PHI,1.6,7.5
28,1.8,,0.5,3.5,.434,.404,1.4,3.6,.309,1.1,3.6,.357,2.5,7.1,.865,1.9,2.2,50,18,27.6,James Posey,0.9,2.7,SF,8.1,1.0,MEM,1.4,4.4
22,0.8,"DPOY-18,6MOY-11",1.8,6.4,.494,.496,2.6,5.2,.000,0.0,0.0,.494,2.6,5.2,.673,2.8,4.2,80,10,27.4,Tyson Chandler,3.3,3.4,C,8.0,0.9,CHI,1.5,9.7
26,1.8,,0.1,1.4,.470,.460,2.2,4.8,.327,0.8,2.3,.416,3.0,7.1,.897,1.4,1.5,63,4,16.7,Juan Dixon,0.5,1.6,SG,8.0,0.7,WAS,1.1,1.9
31,0.8,,0.3,2.7,.512,.512,3.1,6.1,,0.0,0.0,.512,3.1,6.1,.718,1.8,2.5,70,28,18.2,Othella Harrington,1.5,2.7,PF,8.0,0.3,CHI,1.2,4.2
22,0.7,,0.4,3.1,.514,.514,3.1,6.1,,0.0,0.0,.514,3.1,6.1,.611,1.6,2.7,54,25,18.6,Chris Wilcox,1.2,2.4,C,7.9,0.5,LAC,1.4,4.2
25,4.5,,0.2,1.8,.373,.372,2.4,6.3,.250,0.3,1.4,.350,2.7,7.7,.767,2.1,2.8,53,47,26.1,Keith McLeod,0.4,2.6,PG,7.8,1.2,UTA,1.9,2.1
23,1.3,,0.2,1.2,.438,.415,2.7,6.5,.373,0.5,1.2,.408,3.2,7.7,.554,1.0,1.8,55,27,19.8,DeShawn Stevenson,0.7,1.3,SG,7.8,0.3,ORL,1.0,1.9
32,1.7,,0.1,2.3,.473,.444,2.1,4.7,.384,0.5,1.3,.430,2.6,6.0,.696,2.0,2.9,55,39,24.0,Eric Williams,0.8,2.7,SG,7.7,0.7,2TM,1.1,3.1
33,1.5,,0.3,3.2,.436,.440,2.1,4.9,.286,0.8,2.9,.382,3.0,7.8,.743,0.9,1.2,58,33,23.6,Rodney Rogers,1.1,3.0,SF,7.7,0.7,2TM,1.5,4.2
26,1.1,,1.5,4.1,.534,.538,2.9,5.3,.000,0.0,0.0,.534,2.9,5.3,.689,2.0,2.8,67,2,21.3,Chris Andersen,2.0,2.1,C,7.7,0.2,NOH,1.0,6.1
23,1.8,,0.1,1.9,.402,.393,2.2,5.6,.286,0.5,1.8,.366,2.7,7.4,.776,1.7,2.2,57,21,18.7,Willie Green,0.4,2.1,SG,7.7,0.6,PHI,1.3,2.3
25,4.5,,0.2,1.6,.473,.471,2.3,4.9,.319,0.7,2.0,.426,3.0,6.9,.659,1.1,1.7,80,14,22.6,Earl Watson,0.4,2.3,PG,7.7,1.0,MEM,2.1,2.1
25,0.9,,0.3,3.8,.537,.480,1.4,3.0,.391,1.3,3.4,.432,2.8,6.4,.733,0.7,1.0,76,23,24.1,Jumaine Jones,1.4,2.2,SF,7.6,0.6,LAL,0.6,5.2
38,1.5,,0.7,2.2,.450,.409,1.9,4.6,.347,0.9,2.7,.386,2.8,7.4,.639,0.9,1.4,71,29,23.8,Clifford Robinson,0.8,2.5,C,7.5,0.9,2TM,0.9,2.9
28,0.1,,0.1,3.1,.522,.522,1.9,3.6,,0.0,0.0,.522,1.9,3.6,.880,3.7,4.2,62,0,16.9,Danny Fortson,2.5,4.3,C,7.5,0.2,SEA,1.5,5.6
22,0.8,,1.7,4.6,.451,.425,1.9,4.5,.328,1.0,2.9,.387,2.9,7.5,.718,0.8,1.1,70,0,21.3,Eddie Griffin,1.8,1.7,PF,7.5,0.3,MIN,0.8,6.5
26,1.4,,0.2,2.7,.527,.530,3.2,6.0,.000,0.0,0.0,.527,3.2,6.0,.847,1.2,1.4,81,21,20.6,Darius Songaila,1.5,2.5,PF,7.5,0.6,SAC,0.9,4.2
33,2.2,,0.2,2.0,.532,.525,1.2,2.2,.357,1.2,3.5,.423,2.4,5.7,.837,1.4,1.7,81,8,21.5,Brent Barry,0.4,1.5,SG,7.4,0.5,SAS,0.8,2.3
26,1.4,,0.2,2.1,.478,.444,1.9,4.3,.372,0.7,1.8,.423,2.6,6.1,.792,1.5,1.9,67,0,18.5,Devin Brown,0.6,1.2,SG,7.4,0.6,SAS,0.8,2.6
28,1.0,,0.3,2.9,.459,.458,3.1,6.7,.333,0.0,0.1,.455,3.1,6.9,.612,1.0,1.6,65,16,20.6,Maurice Taylor,1.0,2.8,PF,7.3,0.4,2TM,1.4,4.0
26,1.0,,0.9,2.3,.432,.432,2.9,6.7,,0.0,0.0,.432,2.9,6.7,.575,1.5,2.7,79,17,20.9,Melvin Ely,1.8,2.5,PF,7.3,0.4,CHA,1.5,4.1
26,0.4,,1.3,5.1,.539,.539,3.0,5.6,,0.0,0.0,.539,3.0,5.6,.538,1.3,2.5,81,81,22.0,Dan Gadzuric,3.2,2.8,C,7.3,0.6,MIL,1.0,8.3
24,0.6,,0.2,2.2,.576,.561,2.5,4.5,.424,0.5,1.1,.533,3.0,5.6,.789,0.7,0.9,82,0,18.9,Matt Bonner,1.3,2.7,C,7.2,0.5,TOR,0.5,3.5
24,1.1,,0.3,1.5,.570,.592,1.9,3.1,.358,0.7,2.1,.499,2.6,5.2,.792,1.1,1.4,71,40,17.4,DerMarr Johnson,0.6,2.0,SG,7.1,0.6,DEN,0.9,2.1
26,0.4,,1.1,3.4,.502,.502,2.7,5.4,,0.0,0.0,.502,2.7,5.4,.528,1.6,3.1,47,10,20.8,Etan Thomas,1.8,2.8,C,7.1,0.4,WAS,1.1,5.2
30,0.8,,0.2,2.8,.450,.457,2.6,5.7,.100,0.0,0.1,.449,2.6,5.8,.737,1.8,2.4,76,5,19.4,Malik Rose,1.7,2.7,PF,7.0,0.6,2TM,1.3,4.5
24,1.0,,0.2,2.2,.483,.400,1.2,3.0,.383,1.1,2.8,.392,2.3,5.8,.829,1.4,1.6,71,6,18.9,BoÅ¡tjan Nachbar,0.3,2.6,SF,7.0,0.4,2TM,1.0,2.6
22,2.0,,0.1,1.6,.547,.544,1.9,3.4,.367,0.8,2.2,.475,2.7,5.6,.797,0.9,1.1,63,6,17.3,Leandro Barbosa,0.5,2.0,PG,7.0,0.5,PHO,1.4,2.1
22,0.9,,0.4,3.2,.460,.460,2.6,5.6,,0.0,0.0,.460,2.6,5.6,.574,1.8,3.1,42,14,21.6,Kwame Brown,1.7,2.7,PF,7.0,0.6,WAS,1.6,4.9
27,1.0,,0.1,2.4,.417,.402,2.4,6.0,.315,0.5,1.7,.382,2.9,7.6,.822,0.6,0.7,64,17,20.5,Rodney Buford,0.5,1.6,SF,7.0,0.6,NJN,0.5,3.0
30,0.6,,1.3,5.1,.539,.539,2.6,4.8,,0.0,0.0,.539,2.6,4.8,.783,1.8,2.3,62,50,24.6,Kelvin Cato,1.6,2.7,C,7.0,0.9,ORL,1.0,6.7
36,1.1,,0.6,3.8,.461,.461,2.7,5.8,,0.0,0.0,.461,2.7,5.8,.757,1.6,2.1,72,62,25.6,Antonio Davis,2.1,2.0,PF,7.0,0.4,CHI,1.3,5.9
28,0.7,,0.2,5.7,.519,.527,2.8,5.2,.000,0.0,0.1,.519,2.8,5.3,.634,1.5,2.3,61,43,26.1,Jeff Foster,3.4,3.0,C,7.0,0.8,IND,0.9,9.0
25,1.3,,0.2,1.7,.394,.399,2.2,5.5,.253,0.5,1.9,.361,2.7,7.4,.738,1.2,1.6,49,6,18.0,Ronald Murray,0.3,1.2,SG,7.0,0.6,SEA,1.2,2.0
32,1.9,,0.1,1.2,.449,.447,2.2,4.8,.306,0.3,1.1,.420,2.5,5.9,.885,1.4,1.6,76,6,19.2,Travis Best,0.3,1.9,PG,6.8,0.9,NJN,0.9,1.4
23,2.0,,0.5,2.9,.486,.488,2.4,5.0,.314,0.2,0.7,.468,2.6,5.6,.584,1.3,2.2,77,71,26.1,Jared Jeffries,2.0,2.7,SF,6.8,0.9,WAS,1.5,4.9
19,3.3,,0.1,1.4,.413,.421,2.2,5.3,.246,0.3,1.0,.393,2.5,6.3,.789,1.5,2.0,68,26,19.6,Sebastian Telfair,0.1,1.8,PG,6.8,0.5,POR,1.8,1.5
20,0.3,,0.8,2.7,.528,.533,2.7,5.2,.000,0.0,0.0,.528,2.7,5.2,.630,1.2,1.9,71,1,14.8,Al Jefferson,1.7,2.7,PF,6.7,0.3,BOS,0.9,4.4
25,4.0,,0.1,1.1,.399,.398,2.3,5.7,.267,0.1,0.4,.389,2.4,6.1,.799,1.7,2.1,70,16,20.7,Carlos Arroyo,0.4,2.0,PG,6.6,0.6,2TM,1.5,1.5
34,3.8,,0.3,2.7,.414,.426,2.2,5.2,.242,0.3,1.2,.392,2.5,6.4,.897,1.3,1.5,52,44,29.3,Doug Christie,0.7,2.0,SG,6.6,1.5,2TM,2.0,3.4
35,2.4,,0.1,1.9,.534,.443,1.3,2.9,.430,1.0,2.4,.438,2.3,5.3,.873,0.9,1.0,69,2,21.8,Jon Barry,0.4,1.4,SG,6.6,0.9,2TM,1.0,2.3
25,1.6,DPOY-14,0.4,1.7,.475,.483,2.7,5.7,.091,0.0,0.1,.474,2.7,5.8,.789,1.1,1.4,82,51,25.2,Trenton Hassell,1.0,2.4,SG,6.6,0.4,MIN,0.8,2.7
23,1.3,,0.1,1.6,.485,.429,1.2,2.8,.373,0.8,2.1,.404,2.0,4.9,.786,1.8,2.3,84,1,21.4,Casey Jacobsen,0.4,1.2,SG,6.5,0.4,2TM,0.8,2.0
25,1.5,,0.1,2.0,.447,.441,1.6,3.7,.309,0.5,1.5,.402,2.1,5.2,.763,1.8,2.4,71,32,18.5,JiÅÃ­ Welsch,0.4,1.7,SG,6.5,0.6,2TM,1.0,2.4
25,1.0,,0.4,2.1,.468,.414,1.6,3.9,.373,0.9,2.4,.399,2.5,6.3,.771,0.6,0.7,65,15,18.5,Rasual Butler,0.2,1.6,SF,6.5,0.3,MIA,0.6,2.3
33,1.0,,0.1,2.0,.564,.482,1.6,3.3,.461,1.0,2.2,.473,2.6,5.5,.692,0.2,0.3,41,3,16.3,Wesley Person,0.1,0.7,SF,6.4,0.5,2TM,0.4,2.0
23,0.8,,0.3,1.8,.491,.483,2.2,4.6,.387,0.2,0.4,.475,2.4,5.0,.737,1.5,2.0,77,34,16.4,Tony Allen,1.1,2.0,SG,6.4,1.0,BOS,1.0,2.9
26,1.3,,0.9,4.2,.415,.413,2.3,5.6,.333,0.0,0.1,.412,2.3,5.6,.656,1.7,2.6,80,80,31.8,Jason Collins,1.9,4.0,C,6.4,0.9,NJN,1.1,6.1
24,0.5,,0.4,2.1,.509,.439,1.4,3.1,.392,1.1,2.8,.417,2.4,5.9,.757,0.4,0.5,72,0,15.1,Brian Cook,0.9,1.9,C,6.4,0.3,LAL,0.4,3.0
26,0.7,,0.1,1.7,.479,.474,2.1,4.5,.329,0.4,1.3,.442,2.5,5.7,.756,0.9,1.2,65,11,19.0,Maurice Evans,1.4,1.6,SG,6.4,0.6,SAC,0.5,3.1
25,1.0,DPOY-12,2.1,5.4,.598,.598,2.6,4.4,,0.0,0.0,.598,2.6,4.4,.517,1.2,2.3,76,50,24.4,Joel Przybilla,2.3,3.1,C,6.4,0.3,POR,1.3,7.7
35,1.4,,0.1,1.0,.494,.427,1.2,2.9,.390,0.8,2.1,.411,2.0,5.0,.863,1.4,1.6,50,1,15.0,Steve Smith,0.3,1.6,SG,6.3,0.3,2TM,0.5,1.3
26,1.6,,0.3,3.0,.431,.417,2.0,4.9,.324,0.4,1.3,.398,2.4,6.1,.768,1.0,1.3,54,14,21.6,Brian Scalabrine,1.5,2.1,PF,6.3,0.6,NJN,1.2,4.5
28,1.9,,0.1,2.0,.609,.610,1.6,2.6,.405,0.7,1.7,.528,2.3,4.3,.778,0.9,1.2,70,41,21.7,Greg Buckner,0.9,2.4,SG,6.2,1.1,DEN,0.7,3.0
26,1.2,,0.2,2.7,.455,.465,2.5,5.3,.000,0.0,0.1,.455,2.5,5.4,.680,1.3,1.9,54,0,16.7,Marcus Fizer,0.5,1.8,PF,6.2,0.5,MIL,1.2,3.2
20,0.8,,0.5,3.3,.452,.453,2.2,4.8,.000,0.0,0.0,.452,2.2,4.8,.746,1.9,2.5,74,4,18.9,Zaza Pachulia,1.8,2.2,C,6.2,0.6,MIL,0.9,5.1
22,0.3,,1.3,2.0,.576,.576,2.5,4.3,,0.0,0.0,.576,2.5,4.3,.571,1.2,2.1,43,14,17.7,David Harrison,1.1,3.1,C,6.1,0.4,IND,1.2,3.1
34,1.1,,0.8,2.4,.487,.447,1.4,3.2,.370,0.7,1.8,.419,2.1,5.0,.789,1.1,1.5,75,16,18.6,Robert Horry,1.2,1.8,PF,6.0,0.9,SAS,0.9,3.6
31,0.8,,0.3,1.9,.500,.420,1.4,3.3,.438,0.7,1.7,.426,2.1,5.0,.763,1.0,1.3,62,1,14.8,Lamond Murray,0.7,1.4,SF,6.0,0.5,TOR,0.9,2.6
19,1.1,,0.2,1.9,.446,.449,2.1,4.7,.231,0.0,0.2,.442,2.2,4.9,.695,1.5,2.2,80,12,17.3,Trevor Ariza,1.1,1.9,SF,5.9,0.9,NYK,0.9,3.0
22,4.9,,0.0,2.3,.449,.350,1.0,2.7,.355,1.1,3.2,.352,2.1,6.0,.731,0.6,0.8,82,73,26.5,Chris Duhon,0.3,2.5,PG,5.9,1.0,CHI,1.5,2.6
28,1.0,,1.7,3.9,.460,.460,2.8,6.1,,0.0,0.0,.460,2.8,6.1,.467,0.2,0.4,70,70,25.5,Rasho NesteroviÄ,2.6,3.0,C,5.9,0.4,SAS,1.0,6.6
30,1.2,,0.2,1.9,.452,.439,2.2,5.0,.358,0.3,0.7,.429,2.5,5.7,.797,0.7,0.9,74,69,24.8,Ira Newble,1.1,1.9,SG,5.9,0.7,CLE,0.8,3.0
29,0.5,,0.9,3.5,.456,.456,2.6,5.7,,0.0,0.0,.456,2.6,5.7,.667,0.7,1.1,62,34,19.6,Michael Olowokandi,1.7,3.1,C,5.9,0.2,MIN,1.1,5.2
22,1.9,,0.1,0.8,.518,.464,1.4,3.1,.408,0.7,1.8,.444,2.2,4.9,.753,0.8,1.1,80,2,14.4,Beno Udrih,0.2,1.2,PG,5.9,0.5,SAS,1.0,1.0
26,1.4,,0.1,1.0,.511,.450,1.8,4.0,.454,0.6,1.4,.451,2.4,5.4,.852,0.3,0.4,68,7,13.1,Eddie House,0.2,1.0,SG,5.8,0.6,3TM,0.5,1.2
32,1.1,,0.2,2.0,.613,.496,0.9,1.8,.483,0.9,1.9,.489,1.8,3.7,.873,1.2,1.3,76,0,16.7,Fred Hoiberg,0.4,1.4,SG,5.8,0.7,MIN,0.3,2.4
26,3.5,,0.2,1.4,.449,.455,2.2,4.8,.167,0.0,0.2,.446,2.2,4.9,.742,1.4,1.9,80,4,19.2,Milt Palacio,0.3,1.6,PG,5.8,0.6,TOR,1.3,1.7
32,0.4,,0.7,2.3,.568,.568,2.3,4.0,,0.0,0.0,.568,2.3,4.0,.859,1.3,1.5,58,2,16.0,Å½eljko RebraÄa,0.8,2.2,C,5.8,0.2,LAC,0.8,3.2
27,0.3,,0.2,1.4,.471,.464,2.4,5.2,.429,0.1,0.2,.463,2.5,5.4,.676,0.7,1.0,70,44,13.5,Jason Collier,1.2,2.1,C,5.7,0.2,ATL,0.9,2.6
21,2.2,,0.3,1.0,.489,.481,1.5,3.1,.336,0.6,1.7,.429,2.1,4.8,.757,1.0,1.4,76,19,15.4,Devin Harris,0.4,1.8,PG,5.7,1.0,DAL,1.1,1.3
24,0.4,,0.6,2.7,.537,.541,2.3,4.3,.000,0.0,0.0,.537,2.3,4.3,.703,1.0,1.4,82,4,17.0,Nick Collison,1.9,3.1,C,5.6,0.4,SEA,0.8,4.6
32,3.4,,0.1,1.0,.431,.444,1.8,4.1,.262,0.4,1.4,.398,2.2,5.5,.795,0.9,1.1,74,1,19.3,Howard Eisley,0.2,2.1,PG,5.6,0.6,UTA,1.5,1.2
36,3.0,,0.2,2.4,.492,.450,1.2,2.6,.362,0.8,2.2,.410,2.0,4.8,.721,0.8,1.2,53,6,20.7,Toni KukoÄ,0.6,1.3,SF,5.6,0.7,MIL,1.2,3.0
32,5.1,,0.1,2.1,.430,.378,1.5,3.9,.369,0.6,1.6,.376,2.1,5.5,.770,0.7,0.9,80,39,24.3,Rick Brunson,0.3,1.3,PG,5.5,1.0,LAC,1.6,2.3
29,0.3,,0.3,2.6,.434,.436,1.9,4.3,.000,0.0,0.0,.434,1.9,4.3,.774,1.7,2.2,42,31,17.4,Obinna Ekezie,1.6,3.1,C,5.5,0.5,ATL,1.1,4.3
27,0.8,,0.7,2.6,.444,.453,2.4,5.3,.000,0.0,0.1,.444,2.4,5.4,.539,0.7,1.4,74,6,17.9,Robert Traylor,1.8,2.9,C,5.5,0.7,CLE,1.0,4.5
29,0.6,,0.4,2.0,.503,.507,1.9,3.8,.200,0.0,0.1,.502,1.9,3.9,.787,1.4,1.8,74,4,15.9,Mikki Moore,1.3,2.3,PF,5.4,0.3,LAC,0.9,3.3
20,0.6,,0.7,1.4,.506,.502,2.2,4.4,.400,0.1,0.2,.498,2.3,4.5,.653,0.8,1.3,59,2,13.4,Travis Outlaw,0.7,1.3,SF,5.4,0.5,POR,0.7,2.1
35,0.8,,0.3,1.9,.584,.599,2.2,3.6,.143,0.0,0.1,.582,2.2,3.8,.763,0.9,1.2,49,0,15.1,Christian Laettner,0.7,1.6,PF,5.3,0.7,MIA,0.6,2.7
29,1.9,,0.0,1.3,.457,.455,2.0,4.4,.333,0.1,0.2,.449,2.1,4.6,.835,1.1,1.3,71,34,19.9,Jacque Vaughn,0.2,1.9,SG,5.3,0.6,NJN,0.9,1.5
28,1.0,,0.4,2.1,.460,.462,2.0,4.4,.286,0.1,0.3,.450,2.1,4.7,.637,0.9,1.3,68,4,17.4,Eduardo NÃ¡jera,1.5,2.2,PF,5.2,0.6,2TM,0.9,3.6
24,1.8,,0.1,1.1,.430,.444,1.6,3.6,.253,0.3,1.0,.403,1.9,4.7,.780,1.1,1.5,74,0,16.0,Keyon Dooling,0.1,1.6,PG,5.2,0.5,MIA,0.9,1.2
35,1.4,,0.4,2.9,.427,.423,1.9,4.6,.308,0.2,0.6,.411,2.1,5.1,.767,0.7,0.9,47,9,20.6,Tom Gugliotta,1.2,2.2,PF,5.1,0.9,2TM,1.2,4.1
24,0.8,,0.2,1.1,.460,.424,1.7,3.9,.400,0.4,1.0,.419,2.1,5.0,.614,0.5,0.8,58,2,11.7,Rodney White,0.4,1.1,SF,5.1,0.6,2TM,0.6,1.5
23,1.4,,0.3,1.9,.433,.434,2.1,4.7,.250,0.0,0.1,.432,2.1,4.8,.673,0.9,1.4,78,19,21.3,Quinton Ross,0.8,2.1,SG,5.1,0.7,LAC,0.7,2.7
22,1.0,,0.0,1.2,.491,.470,1.5,3.1,.375,0.3,0.9,.448,1.8,4.0,.697,1.1,1.5,43,8,12.0,Zoran PlaniniÄ,0.4,1.8,PG,5.0,0.6,NJN,1.0,1.6
21,0.5,,0.3,1.0,.418,.379,1.4,3.6,.353,0.4,1.3,.372,1.8,4.8,.667,0.9,1.4,68,7,13.3,Kirk Snyder,0.7,1.7,SG,5.0,0.4,UTA,0.9,1.8
28,0.5,,1.0,4.2,.460,.468,2.0,4.3,.000,0.0,0.1,.460,2.0,4.4,.723,0.8,1.2,81,32,23.4,Tony Battie,1.3,3.0,C,4.9,0.4,ORL,1.0,5.6
24,0.7,,0.2,6.1,.476,.480,1.7,3.5,.000,0.0,0.0,.476,1.7,3.5,.534,1.6,3.0,79,79,23.8,Reggie Evans,3.2,2.6,PF,4.9,0.7,SEA,1.3,9.3
29,0.2,,1.4,2.0,.509,.512,2.2,4.3,.000,0.0,0.0,.509,2.2,4.3,.723,0.6,0.8,80,80,16.6,Jerome James,1.0,3.5,C,4.9,0.3,SEA,1.1,3.0
24,0.8,,0.4,1.8,.500,.395,0.8,2.0,.398,0.9,2.2,.396,1.7,4.2,.855,0.7,0.8,75,24,17.7,James Jones,0.5,1.6,SF,4.9,0.4,IND,0.6,2.3
31,1.9,,0.0,1.5,.410,.421,1.5,3.6,.253,0.3,1.3,.375,1.8,4.9,.813,0.8,1.0,62,5,16.4,Erick Strickland,0.2,1.7,SG,4.9,0.5,MIL,1.0,1.7
22,0.5,,0.7,2.7,.513,.518,1.8,3.5,.000,0.0,0.0,.513,1.8,3.6,.535,1.3,2.4,54,0,16.0,Anderson VarejÃ£o,2.0,2.3,PF,4.9,0.8,CLE,0.5,4.8
28,0.9,,1.0,3.5,.507,.510,2.1,4.2,.000,0.0,0.0,.507,2.1,4.2,.357,0.5,1.4,49,23,19.2,Brian Skinner,2.2,2.1,PF,4.8,0.6,2TM,0.8,5.7
22,2.3,,0.3,1.8,.437,.471,1.7,3.7,.180,0.1,0.8,.422,1.9,4.5,.740,0.9,1.2,66,25,18.2,Boris Diaw,0.8,1.9,SG,4.8,0.6,ATL,1.3,2.6
21,0.8,,0.1,0.9,.489,.455,1.4,3.0,.385,0.5,1.2,.435,1.8,4.2,.688,0.7,1.0,65,9,13.3,Sasha PavloviÄ,0.2,1.9,SG,4.8,0.4,CLE,0.7,1.1
34,0.8,,0.0,0.9,.541,.435,0.8,1.8,.425,0.8,2.0,.430,1.6,3.8,.804,0.7,0.8,68,11,12.4,Eric Piatkowski,0.2,1.0,SG,4.8,0.4,CHI,0.5,1.2
31,0.5,,2.5,3.5,.447,.447,1.8,4.1,,0.0,0.0,.447,1.8,4.1,.692,1.2,1.7,63,45,27.5,Theo Ratliff,1.8,2.9,C,4.8,0.4,POR,0.9,5.3
35,0.8,,1.1,3.7,.479,.479,1.8,3.8,,0.0,0.0,.479,1.8,3.8,.606,1.0,1.6,61,28,21.4,Dale Davis,2.5,2.7,C,4.7,0.5,2TM,0.7,6.1
34,2.4,,0.0,1.5,.438,.420,1.8,4.4,.462,0.1,0.3,.423,2.0,4.7,.730,0.6,0.9,43,20,17.3,Kenny Anderson,0.6,2.0,PG,4.7,0.8,2TM,1.1,2.0
23,0.9,,0.4,2.4,.412,.418,1.8,4.3,.000,0.0,0.1,.412,1.8,4.3,.640,1.0,1.6,46,18,15.3,Jackson Vroman,1.4,2.3,C,4.6,0.5,2TM,1.4,3.8
23,1.9,,0.2,1.2,.439,.414,1.2,2.8,.356,0.3,0.7,.402,1.4,3.5,.742,1.5,2.0,81,2,14.1,Marcus Banks,0.4,1.8,PG,4.6,0.8,BOS,1.0,1.6
28,0.4,,0.1,1.5,.482,.465,1.0,2.2,.333,0.7,2.1,.402,1.7,4.3,.879,0.4,0.5,71,0,13.5,Pat Garrity,0.3,1.5,PF,4.6,0.3,ORL,0.4,1.7
23,0.2,,1.3,1.7,.614,.616,1.8,2.9,.000,0.0,0.0,.614,1.8,2.9,.479,1.0,2.1,76,3,13.8,Steven Hunter,1.3,1.7,C,4.6,0.1,PHO,0.6,3.0
33,1.2,,0.3,1.7,.426,.431,2.1,4.8,.000,0.0,0.1,.426,2.1,4.8,.649,0.4,0.7,55,5,17.3,Calbert Cheaney,0.6,1.7,SG,4.5,0.3,GSW,0.6,2.3
29,0.7,,2.0,3.4,.502,.502,2.0,4.0,,0.0,0.0,.502,2.0,4.0,.556,0.5,0.9,78,50,21.8,Adonal Foyle,2.1,2.6,C,4.5,0.3,GSW,0.7,5.5
24,0.4,,0.2,1.1,.497,.462,1.2,2.5,.383,0.4,1.2,.437,1.6,3.7,.688,0.8,1.2,52,7,12.5,Dahntay Jones,0.2,1.6,SG,4.5,0.3,MEM,0.6,1.3
31,0.5,,0.1,2.1,.502,.513,1.5,3.0,.000,0.0,0.1,.502,1.5,3.1,.669,1.5,2.2,79,4,15.3,Jerome Williams,1.5,2.0,SF,4.5,0.7,NYK,0.8,3.6
25,2.0,,0.0,0.9,.394,.355,1.3,3.6,.361,0.3,0.9,.356,1.6,4.6,.787,0.8,1.0,76,0,14.0,Tierre Brown,0.3,0.8,PG,4.4,0.4,LAL,1.0,1.2
34,1.0,,0.2,1.7,.488,.379,0.6,1.5,.376,0.8,2.1,.377,1.4,3.6,.792,0.9,1.1,70,2,14.7,Bryon Russell,0.7,1.9,SF,4.4,0.6,DEN,0.5,2.5
24,1.6,,0.0,1.2,.425,.269,0.6,2.1,.387,0.8,2.1,.328,1.4,4.2,.805,0.8,0.9,44,1,14.7,Steve Blake,0.4,1.1,PG,4.3,0.3,WAS,0.9,1.6
26,1.2,,0.1,2.1,.414,.417,1.3,3.1,.000,0.0,0.0,.414,1.3,3.1,.697,1.7,2.4,50,38,19.2,Jarron Collins,1.1,2.9,C,4.3,0.2,UTA,0.7,3.3
34,0.7,,0.1,1.1,.430,.415,1.3,3.2,.323,0.3,0.9,.395,1.6,4.1,.812,0.8,0.9,73,4,15.5,Lucious Harris,0.5,0.9,SG,4.3,0.4,CLE,0.4,1.7
28,0.8,,0.2,2.1,.528,.449,0.7,1.6,.397,0.8,1.9,.421,1.5,3.5,.725,0.4,0.6,66,0,14.3,Scott Padgett,0.7,1.8,PF,4.2,0.5,HOU,0.5,2.8
19,0.6,,0.3,1.9,.408,.406,1.7,4.2,.333,0.0,0.1,.404,1.7,4.3,.436,0.7,1.5,67,4,13.0,Kris Humphries,1.1,1.4,PF,4.1,0.4,UTA,0.8,2.9
25,2.0,,0.2,1.9,.479,.454,0.9,2.1,.341,0.5,1.6,.405,1.5,3.6,.729,0.6,0.8,58,8,17.1,John Salmons,0.2,1.6,SG,4.1,0.7,PHI,0.9,2.1
36,2.7,,0.1,1.2,.372,.367,0.9,2.5,.252,0.4,1.7,.321,1.3,4.2,.853,0.9,1.0,66,16,15.0,Darrell Armstrong,0.5,1.4,PG,4.0,0.7,2TM,1.0,1.7
27,0.6,,0.3,2.3,.447,.450,1.9,4.1,.000,0.0,0.0,.447,1.9,4.1,.610,0.3,0.5,80,8,14.7,Michael Doleac,0.9,2.0,C,4.0,0.3,MIA,0.5,3.2
38,0.1,,1.3,3.5,.498,.498,1.4,2.7,,0.0,0.0,.498,1.4,2.7,.741,1.3,1.8,80,2,15.2,Dikembe Mutombo,1.9,1.7,C,4.0,0.2,HOU,0.6,5.3
31,3.9,,0.2,1.5,.402,.397,1.4,3.5,.289,0.2,0.6,.382,1.5,4.0,.738,0.7,1.0,81,15,22.8,Eric Snow,0.5,2.3,SG,4.0,0.8,CLE,1.1,1.9
31,1.1,,0.2,2.3,.463,.495,1.4,2.8,.172,0.1,0.4,.452,1.5,3.3,.818,0.8,1.0,66,5,17.7,Shandon Anderson,0.6,2.1,SF,3.9,0.6,2TM,0.8,2.9
29,0.4,,0.5,2.4,.473,.473,1.6,3.4,,0.0,0.0,.473,1.6,3.4,.673,0.7,1.0,49,17,17.7,Scot Pollard,1.7,2.5,C,3.9,0.6,IND,0.6,4.2
26,0.4,,0.9,3.1,.433,.436,1.6,3.6,.000,0.0,0.0,.433,1.6,3.6,.576,0.8,1.3,45,30,15.8,Loren Woods,1.8,1.7,C,3.9,0.2,TOR,0.8,4.9
24,1.3,,0.2,2.0,.427,.442,1.3,3.0,.227,0.1,0.5,.411,1.4,3.5,.603,0.8,1.3,43,9,16.6,Matt Barnes,1.1,1.9,SF,3.8,0.7,SAC,1.0,3.1
27,0.7,,0.1,1.0,.511,.417,0.6,1.4,.388,0.7,1.9,.400,1.3,3.3,.840,0.5,0.6,43,0,11.6,Richie Frahm,0.4,0.8,SG,3.8,0.3,POR,0.3,1.4
32,0.5,,0.3,2.3,.493,.493,1.5,3.0,,0.0,0.0,.493,1.5,3.0,.722,0.8,1.1,69,8,16.5,Brian Grant,1.5,2.5,C,3.8,0.3,LAL,0.6,3.7
34,1.7,,0.2,1.1,.396,.390,1.1,2.9,.274,0.3,1.1,.358,1.4,4.0,.793,0.6,0.8,76,3,15.1,Lindsey Hunter,0.5,1.6,SG,3.8,0.9,DET,0.9,1.6
25,0.3,,0.0,1.1,.455,.458,1.7,3.6,.000,0.0,0.0,.455,1.7,3.6,.821,0.5,0.7,43,4,9.8,Stanislav Medvedenko,0.7,1.5,PF,3.8,0.2,LAL,0.3,1.8
28,0.5,,0.6,2.1,.470,.469,1.5,3.2,.333,0.0,0.0,.468,1.5,3.2,.570,0.7,1.2,67,11,14.0,Francisco Elson,0.9,1.9,C,3.7,0.5,DEN,0.6,3.0
26,1.1,,0.1,1.3,.409,.360,0.6,1.7,.308,0.5,1.6,.335,1.1,3.3,.877,1.0,1.1,73,3,14.0,Eddie Gill,0.2,1.4,PG,3.7,0.8,IND,0.8,1.5
34,2.0,,0.3,2.7,.389,.375,1.3,3.5,.297,0.3,0.8,.360,1.5,4.3,.739,0.4,0.5,44,27,21.2,George Lynch,1.3,1.9,SF,3.7,0.7,NOH,1.3,4.0
27,0.8,,0.3,1.8,.422,.418,1.4,3.2,.500,0.0,0.0,.419,1.4,3.3,.745,0.9,1.2,45,2,14.4,Jabari Smith,0.6,2.3,PF,3.7,0.6,NJN,0.9,2.5
30,0.5,,0.2,1.5,.521,.500,0.6,1.1,.355,0.8,2.2,.404,1.3,3.3,.517,0.2,0.4,72,0,12.6,Walter McCarty,0.4,2.0,PF,3.6,0.3,2TM,0.5,1.9
36,0.7,,0.1,1.0,.407,.407,1.2,3.0,,0.0,0.0,.407,1.2,3.0,.740,1.0,1.4,55,7,12.1,Stacey Augmon,0.8,1.5,SF,3.5,0.4,ORL,0.6,1.8
32,0.3,,0.5,2.4,.527,.532,1.5,2.8,.000,0.0,0.0,.527,1.5,2.8,.539,0.5,1.0,78,10,15.4,Alan Henderson,2.1,1.9,PF,3.5,0.4,DAL,0.6,4.5
23,1.7,,0.1,1.0,.437,.434,1.3,3.0,.333,0.0,0.1,.429,1.4,3.2,.701,0.8,1.1,62,5,13.0,Royal Ivey,0.3,2.3,PG,3.5,0.6,ATL,0.9,1.4
24,0.3,,0.1,2.1,.437,.436,1.3,2.9,.333,0.0,0.1,.434,1.3,3.0,.782,0.7,0.9,59,41,12.5,Rafael AraÃºjo,1.0,2.7,C,3.3,0.4,TOR,0.9,3.1
24,0.5,,0.2,1.3,.484,.480,1.3,2.7,.500,0.0,0.0,.480,1.3,2.7,.617,0.6,1.0,47,0,10.0,Ronald Dupree,0.7,1.3,SF,3.2,0.1,DET,0.5,2.0
37,0.2,,0.3,1.8,.407,.407,1.2,3.0,,0.0,0.0,.407,1.2,3.0,.762,0.8,1.0,61,6,11.5,Tony Massenburg,0.9,2.0,PF,3.2,0.3,SAS,0.7,2.7
27,0.9,,0.1,1.2,.469,.480,1.1,2.4,.286,0.2,0.7,.438,1.3,3.0,.640,0.4,0.6,42,4,10.2,Laron Profit,0.6,1.0,SF,3.2,0.4,WAS,0.6,1.8
24,1.5,,0.2,1.4,.456,.487,1.0,2.0,.262,0.3,1.0,.411,1.2,3.0,.708,0.6,0.8,61,5,12.6,Luke Walton,0.9,1.1,SF,3.2,0.4,LAL,1.0,2.3
24,0.7,,0.5,2.1,.430,.430,1.1,2.6,,0.0,0.0,.430,1.1,2.6,.732,0.8,1.1,67,23,12.8,Curtis Borchardt,1.3,2.4,C,3.0,0.1,UTA,0.8,3.3
21,0.5,,0.1,0.6,.406,.435,0.9,2.0,.200,0.1,0.6,.385,1.0,2.6,.655,0.8,1.2,45,0,10.1,Kevin Martin,0.6,0.8,PG,2.9,0.4,SAC,0.5,1.3
24,0.3,,0.1,1.2,.464,.397,0.5,1.4,.358,0.5,1.3,.378,1.0,2.6,.824,0.3,0.4,42,5,7.8,Josh Davis,0.7,1.1,PF,2.8,0.2,PHI,0.4,1.9
32,0.2,,0.8,1.9,.452,.452,1.1,2.4,,0.0,0.0,.452,1.1,2.4,.683,0.6,0.8,77,14,11.5,Shawn Bradley,0.9,2.0,C,2.7,0.3,DAL,0.4,2.8
29,2.4,,0.3,0.9,.412,.438,1.1,2.4,.118,0.0,0.3,.407,1.1,2.7,.686,0.5,0.8,66,12,11.2,Anthony Carter,0.2,1.3,PG,2.7,0.5,MIN,0.9,1.0
24,0.2,,0.3,1.7,.480,.485,1.0,2.2,.000,0.0,0.0,.480,1.0,2.2,.558,0.5,1.0,45,0,7.9,Mario Kasun,1.2,1.9,C,2.6,0.2,ORL,0.6,2.8
20,0.4,,0.6,2.1,.471,.471,0.9,2.0,,0.0,0.0,.471,0.9,2.0,.638,0.6,1.0,60,3,9.1,Kendrick Perkins,0.9,1.6,C,2.5,0.2,BOS,0.7,2.9
29,0.4,,0.3,1.3,.488,.488,1.0,2.0,,0.0,0.0,.488,1.0,2.0,.587,0.6,1.0,44,8,11.8,John Thomas,0.9,1.9,C,2.5,0.3,MIN,0.4,2.2
28,0.2,,0.5,1.5,.454,.458,1.0,2.1,.000,0.0,0.0,.454,1.0,2.1,.813,0.5,0.6,51,1,8.8,Calvin Booth,0.6,1.5,C,2.4,0.3,2TM,0.3,2.1
30,0.8,,0.1,1.4,.366,.368,0.8,2.2,.222,0.0,0.1,.360,0.8,2.3,.750,0.5,0.6,69,1,9.7,Adrian Griffin,0.8,1.1,SF,2.2,0.6,CHI,0.4,2.1
32,1.5,,0.3,2.2,.500,.513,0.6,1.2,.323,0.3,0.9,.430,0.9,2.1,.625,0.1,0.2,68,3,16.4,Aaron McKie,0.3,1.7,SG,2.2,0.7,PHI,0.5,2.5
29,0.4,,0.3,1.6,.515,.515,0.8,1.6,,0.0,0.0,.515,0.8,1.6,.500,0.5,1.0,41,14,14.7,Mark Madsen,1.5,2.5,C,2.1,0.2,MIN,0.6,3.1
33,0.2,,0.2,1.0,.460,.460,0.7,1.5,,0.0,0.0,.460,0.7,1.5,.882,0.4,0.4,42,4,7.5,Aaron Williams,0.4,1.7,C,1.7,0.1,2TM,0.4,1.4
29,0.3,,0.1,0.8,.437,.419,0.7,1.6,.500,0.0,0.1,.423,0.7,1.7,.667,0.2,0.3,66,6,9.2,Ryan Bowen,0.3,0.9,SF,1.7,0.3,HOU,0.1,1.2
25,0.7,,0.0,0.4,.448,.443,0.6,1.3,.313,0.1,0.3,.416,0.7,1.6,.750,0.3,0.3,48,0,5.8,Mike Wilks,0.1,0.5,PG,1.7,0.3,SAS,0.3,0.5
37,0.1,,0.3,1.5,.528,.509,0.6,1.2,1.000,0.0,0.0,.519,0.6,1.2,.640,0.3,0.5,46,23,8.9,Ervin Johnson,0.9,1.9,C,1.6,0.2,MIN,0.4,2.5
31,0.7,,0.7,2.0,.440,.451,0.7,1.5,.000,0.0,0.0,.440,0.7,1.5,.342,0.2,0.7,56,3,9.9,Greg Ostertag,1.0,1.6,C,1.6,0.1,SAC,0.4,3.0
28,0.8,,0.5,2.2,.414,.418,0.5,1.2,.000,0.0,0.0,.414,0.5,1.3,.433,0.4,0.8,79,7,16.0,Michael Ruffin,2.0,2.4,C,1.4,0.5,WAS,0.6,4.2
31,0.1,,0.1,0.3,.459,.459,0.4,0.8,,0.0,0.0,.459,0.4,0.8,.387,0.3,0.7,47,0,5.9,Darvin Ham,0.4,0.8,SF,1.0,0.1,DET,0.2,0.7
